category,total_revenue,total_gross_profit,total_gp_percent
Non Food,92513.30000000002,23590.90000000001,25.500009187868127
Produce,71749.56,26705.760000000002,37.22079968155902
Seafood,18291.89,5826.9,31.85510081243655
RTE,14443.529999999999,4938.05,34.188664405446595
Meat,5636.7,2651.46,47.039225078503385
